Class,regulators,gene,locus_tag,t0,t1,t2,t3,t4,t5,t6,t7,t8,g135,g150,g180
A,SigE+,alkA,BSU01800,0,0.2,-0.1,2.4,2.8,2.8,2.5,2.4,2.6,0.5,0.4,0.6
A,SigE+,bdbC,BSU33470,0,-0.6,0.7,-0.9,-1.5,-2,-2.2,-2.3,-3.4,0.1,-0.6,-0.3
A,SigE+,bdbD,BSU33480,0,-0.3,0.9,-0.7,-1.1,-1.8,-2.9,-2.4,-3.4,0,-0.2,0.1
A,SigE+,comER,BSU25600,0,0.2,1.2,7.6,8.2,8.6,7.5,7.5,6.9,0.1,0.1,0.1
A,SigE+,cotE,BSU17030,0,-0.4,2.4,7.6,7.7,7.7,7.6,7.7,7.6,0.4,0.2,1
A,SigE+,cotH,BSU36060,0,0,0.1,2.5,2.8,5.4,6.5,5.9,5.9,0.2,0.3,0.4
A,SigE+,cotO,BSU11730,0,-1.1,0.6,5.5,6.4,6.4,6.4,6.3,6.3,1,0.5,0.9
A,SigE+,coxA,BSU27830,0,-1.4,-1.6,1.2,2.3,4.5,4.6,4.1,4.7,-2.4,-2.9,-2.6
A,SigE+,cspR,BSU08930,0,-1.3,-1.7,1,1.4,1.3,1.2,0.9,1,1,0.6,1.3
A,SigE+,ctaA,BSU14870,0,-3.1,0,-2,-1.6,-1.8,-1.1,-1.2,-1.1,-0.8,-1.3,-1.1
A,SigE+,ctpA,BSU19590,0,0.2,0.6,1.3,1.1,0.8,0.3,0.5,0.2,0.6,0.4,0.6
A,SigE+,ctpB,BSU35240,0,-0.1,0.8,5.1,6.1,6.1,5.8,5.8,5.9,1.4,1.2,1.4
A,SigE+,gerQ,BSU37920,0,-0.1,2.3,8.6,8.9,8.9,8.5,8.6,8.2,0.3,0.2,0.7
A,SigE+,glgA,BSU30950,0,0.2,4.6,5.8,5.5,5.1,4.6,4.2,4,0.2,0.4,0.3
A,SigE+,glgB,BSU30980,0,0.5,5.2,6.4,6.4,6.1,5.4,5.3,5,0.8,0.9,1
A,SigE+,glgC,BSU30970,0,0.3,5.1,6.3,6.1,5.9,5.4,5,4.8,0.8,0.6,0.7
A,SigE+,glgD,BSU30960,0,0.2,4.8,6,5.7,5.4,4.9,4.5,4.3,0.1,0.3,0.3
A,SigE+,glgP,BSU30940,0,0.1,4.4,5.5,5.2,4.7,4.1,4,3.6,0.4,0.4,0.4
A,SigE+,glnH,BSU27440,0,0.1,2,7.9,8.1,8.5,8,7.3,7.6,0.1,-0.1,0
A,SigE+,glnM,BSU27450,0,0.1,0.9,6.2,6.3,6.5,6.6,5.6,6.3,0.1,0.1,0
A,SigE+,glnP,BSU27460,0,0.1,0.9,5.9,5.9,6.2,6.2,5.1,5.8,0,0,0
A,SigE+,glnQ,BSU27430,0,0,2.1,7.8,8.1,8.5,8,7.3,7.5,0.1,0,0.2
A,SigE+,glpK,BSU09290,0,-1.7,-1.4,-0.7,-0.4,-0.5,0.3,-0.1,0.5,-0.5,1.6,-1.4
A,SigE+,ispE,BSU00460,0,0.3,0.2,-0.5,-1.7,-2.4,-1.7,-1,-0.9,1.8,1.7,1.9
A,SigE+,kamA,BSU19690,0,-0.1,0.5,6.2,7,7.7,7.7,7.2,7.6,-0.3,-0.3,-0.3
A,SigE+,mbl,BSU36410,0,0,-0.3,1.5,1.6,1.9,1.2,1.2,1.3,1.5,1.2,1.3
A,SigE+,mdxF,BSU34600,0,-0.7,-0.3,-1.2,-1.2,-1.2,-0.5,0.1,1,-1,-0.2,-0.9
A,SigE+,nucB,BSU25750,0,0.5,0.2,3.7,4.4,4.4,4.7,4.3,4.5,1.2,1.2,1.2
A,SigE+,opuD,BSU30070,0,0,-0.1,-0.6,-0.7,-0.7,-0.7,-1.2,-1.9,0.7,0.4,0.3
A,SigE+,patA,BSU14000,0,0.3,0.5,2.1,1.9,1.8,0.9,0.9,0.6,0,-0.1,0
A,SigE+,patB,BSU31440,0,-1,-1.2,-1.8,-1.9,-1.8,-2,-2.5,-2.2,0.7,0.7,0.9
A,SigE+,pbpI,BSU27310,0,0,1,4.7,4.1,3.5,3,2.8,2.1,1.5,1.3,1.5
A,SigE+,phoP,BSU29110,0,0.9,0.2,1.4,1.5,1.5,0.8,0.6,0.7,-1,-0.7,-0.9
A,SigE+,phoR,BSU29100,0,0.7,-0.2,1.2,1.2,1.2,0.8,0.6,0.6,-0.6,-0.6,-0.7
A,SigE+,prkA,BSU08970,0,0,2.7,8.4,8.4,8.2,7.5,7.1,7,1,0.6,0.8
A,SigE+,proJ,BSU18470,0,0.6,1.3,3.8,4,3.9,3.4,2.7,3,1.2,1.1,1.2
A,SigE+,pucH,BSU32410,0,0.1,-0.1,2.5,2.8,2.8,2.8,2,1.2,0.6,0.5,0.7
A,SigE+,safA,BSU27840,0,-1.4,-0.5,2.1,2.4,2.4,2.2,2.2,2,-5.2,-5.3,-5.1
A,SigE+,sodF,BSU19330,0,0.1,0.7,5.4,6.2,6.4,6,5.7,5.5,0.3,0.5,0.6
A,SigE+,spmA,BSU23180,0,-0.4,1.2,5.3,4.3,4.2,3.4,3.6,2.3,1.8,1.4,1.7
A,SigE+,spmB,BSU23170,0,-0.4,0.8,4.9,3.9,3.8,3.6,3.3,2.4,1.5,1.2,1.6
A,SigE+,spoIIID,BSU36420,0,-0.1,1.8,8.1,8.7,8.7,8.7,8.7,8.6,0.1,-0.1,0
A,SigE+,spoVID,BSU28110,0,-0.9,2.6,7.8,8,8,7.9,7.8,7.8,1.6,1.2,1.7
A,SigE+,spoVR,BSU09400,0,0,1.5,7,6.9,6.6,6.5,6.2,6.2,0.9,0.6,1.3
A,SigE+,spsG,BSU37850,0,-0.1,-0.6,1.4,1.2,4.3,6.4,6.4,6.5,1.1,0.8,1.1
A,SigE+,spsI,BSU37840,0,-0.3,-0.8,1,0.7,3.7,5.7,5.8,5.8,1.3,1.1,1.4
A,SigE+,spsJ,BSU37830,0,-0.3,-0.6,3.2,3.5,4.5,5.9,6,6.1,1.3,1.1,1.4
A,SigE+,spsK,BSU37820,0,-0.4,-0.8,3.3,3.4,4.6,5.8,5.8,5.9,1,0.8,1.1
A,SigE+,sqhC,BSU19320,0,0.2,0.7,5.4,6.1,6.2,5.8,5.3,5.4,0.2,0.6,0.5
A,SigE+,sspG,BSU32640,0,-0.7,-0.4,-0.5,-2.2,-2.8,1.8,4.3,4.7,-2.6,-3.3,-2.6
A,SigE+,ugd,BSU36230,0,-0.8,-0.7,2.3,2.6,2.3,1.6,1.3,0.7,1,1,1.1
A,SigE+,usd,BSU36430,0,-0.1,1.8,8.1,8.6,8.5,8.5,8.4,8.4,0.2,0,0.2
A,SigE+,uxaB,BSU12380,0,-0.3,-0.5,0,-0.3,-0.3,0,-0.5,-0.3,0.5,0.8,0.6
A,SigE+,uxuA,BSU12340,0,0.3,0.8,5.6,5,4.8,4.6,4.1,3.8,-0.1,0.4,-0.1
A,SigE+,ybbC,BSU01650,0,3,2.8,4.5,5.1,5.5,6,5.2,6.5,-0.2,0.2,-0.1
A,SigE+,ybfJ,BSU02250,0,1.6,1.9,3.8,4.8,5.4,4.3,3.6,3.4,-0.9,-0.9,-1
A,SigE+,yckC,BSU03390,0,0.4,0.1,3.6,4.1,3.9,3.8,3.9,3.9,1.3,1.5,1.9
A,SigE+,yclF,BSU03670,0,-0.7,-0.1,2.9,2.2,1.8,2.1,1.8,1.9,3.4,3,3
A,SigE+,ydcA,BSU04610,0,0.3,0.4,2.1,1.5,1.3,1,0.4,-0.2,1.1,0.8,0.8
A,SigE+,ydhD,BSU05710,0,-0.2,-0.1,5.4,5.7,5.6,5.1,4.9,4.3,1.9,1.7,2
A,SigE+,ydjP,BSU06280,0,-1.3,-1.6,1.3,1.9,2.4,2.1,1.6,2,-0.5,-0.5,-1
A,SigE+,yeaA,BSU06290,0,-1.9,-2.4,0.7,1.3,1.9,1.5,0.9,1.6,-1.1,-1.1,-1.6
A,SigE+,yetO,BSU07250,0,-0.3,-0.4,1.8,3.9,4.1,4,4,4,-0.2,0.1,0.2
A,SigE+,yfjC,BSU08150,0,-0.7,1.7,-0.4,-0.5,-0.4,-1.6,-1,-1.4,-0.6,-0.5,-0.8
A,SigE+,yflJ,BSU07660,0,-0.8,0.3,4.5,5.5,5.4,5,5.1,5,0.9,0.2,0.9
A,SigE+,yfnD,BSU07310,0,0.4,-0.2,1,0.8,3.3,5.7,5.9,6.2,1.8,1.3,1.7
A,SigE+,yhaL,BSU09940,0,-0.6,0.7,5.1,5.1,4.4,3.8,3.4,3.4,1.9,1.5,1.8
A,SigE+,yhaM,BSU09930,0,-0.2,0,0,0,0,0,-0.4,-0.4,0.5,0.2,0.2
A,SigE+,yhaS,BSU09870,0,-1.2,-0.6,0.8,1.6,1.9,2.3,2.7,3.2,0.8,0.6,0.7
A,SigE+,yhaT,BSU09860,0,-0.3,0,1.8,2.5,2.7,3,2.9,3.6,2,1.9,1.8
A,SigE+,yhcO,BSU09165,0,0.1,-0.4,1.8,1.6,3,5.7,6.1,6.3,0,-0.8,-0.3
A,SigE+,yhcY,BSU09320,0,0.2,0.5,-0.2,-0.6,-0.4,-0.7,-1.3,-1.3,0,0.2,0
A,SigE+,yhcZ,BSU09330,0,0.4,0.7,0.2,-0.4,0,-0.1,0.1,0.1,-0.4,-0.3,-0.3
A,SigE+,yhdB,BSU09350,0,0.1,-0.3,0.4,1.2,6.4,7.1,6.8,7.3,0.1,-0.7,-0.7
A,SigE+,yheD,BSU09770,0,0,-0.1,5.8,6.9,7.5,7,6.7,6.5,0.3,0.6,0.5
A,SigE+,yhjR,BSU10610,0,-0.1,0.1,3.2,3.9,6.1,6.8,6.4,6.3,0,0,0.1
A,SigE+,yhxC,BSU10400,0,-0.3,0.3,5.6,6.2,6,5.3,5.5,5.1,-0.4,-0.2,-0.1
A,SigE+,yjaV,BSU11290,0,0.4,0.5,5,5.5,5.4,5,4.9,5,1.7,1.7,1.6
A,SigE+,yjaZ,BSU11350,0,0.4,1.1,0,-0.1,1.8,3.8,3.5,3.8,-0.4,-0.5,-0.2
A,SigE+,yjdG,BSU12040,0,1.1,0.9,2.6,3.5,3.7,3.1,3,2.8,-0.4,-0.4,-0.4
A,SigE+,yjdH,BSU12050,0,-1.3,-0.4,4.6,5.4,5.7,5,5,4.6,-1,-1.2,-1.4
A,SigE+,yjfA,BSU12110,0,-0.3,-0.1,5.4,6,6,4.8,5.1,4,-1.6,-1.5,-1.5
A,SigE+,yknV,BSU14330,0,0.4,0.7,3.8,4.1,4,3.5,3,1.2,-0.3,-0.1,-0.2
A,SigE+,ykpC,BSU14460,0,0.6,1.1,3.3,3.9,4.1,3.2,3.7,2.9,2.7,1.7,1.9
A,SigE+,yloS,BSU15800,0,-1.3,-1.4,-1.1,-1.4,-0.7,0.6,-0.3,0.2,0.7,0.2,0.5
A,SigE+,ylxW,BSU15250,0,-0.3,-0.8,-0.8,-1.1,-1.5,-1.9,-2,-2.3,0.9,0.7,0.9
A,SigE+,ylxX,BSU15260,0,-0.5,-0.9,-1.4,-1.9,-2.1,-2.5,-2.4,-2.5,0.9,0.7,0.7
A,SigE+,ymaD,BSU17280,0,-0.8,-1.1,0.3,0.6,0.6,-0.7,-0.8,-1.5,0,-0.1,0.5
A,SigE+,ymaF,BSU17320,0,-0.2,0.3,5.6,6.2,5.8,4.8,5.3,4.4,0.2,0.3,0.4
A,SigE+,ymxH,BSU16720,0,-0.2,0.7,6.4,6.7,6,6.1,5.8,5.8,1.5,1.1,1.6
A,SigE+,yncD,BSU17640,0,0.2,0.5,4.8,5.6,5.3,4.9,4.7,4.7,0.7,0.6,0.7
A,SigE+,yndA,BSU17720,0,-0.1,0.8,5.8,5.7,4.9,4.8,4.7,3.9,0.4,0.2,0.5
A,SigE+,ynzB,BSU17740,0,0,0.4,3.7,3.8,3.3,3.8,3.8,4.1,0.4,0.3,0.8
A,SigE+,yoaW,BSU18780,0,1.2,3,3.8,3.9,3.7,3.3,3.4,3.2,0.2,0,-0.1
A,SigE+,yocL,BSU19250,0,0,-0.3,2.6,2.8,2.7,2,2,1.5,0.5,0.1,0.2
A,SigE+,yocM,BSU19260,0,-0.2,-0.5,1.6,1.4,0.8,0.8,1.4,1.6,0.2,-0.2,-0.1
A,SigE+,yocN,BSU19280,0,0.4,1.6,7.1,8.3,8.3,8,8.2,7.9,0.3,-0.1,0.2
A,SigE+,yodN,BSU19670,0,0.7,-0.1,0.5,0.6,2.7,5.6,6,6.2,1.5,1.2,1.5
A,SigE+,yodP,BSU19700,0,0,0.5,5.9,6.6,7.2,7.4,7,7.3,-0.1,-0.2,-0.2
A,SigE+,yodQ,BSU19710,0,-0.1,0.4,5.9,6.5,7.2,7.3,6.8,7.2,-0.3,-0.3,-0.3
A,SigE+,yodR,BSU19720,0,-0.2,0.7,6.3,6.8,7.4,7.4,7.1,7.4,0,-0.3,-0.2
A,SigE+,yodS,BSU19730,0,-0.1,0.8,6.1,6.7,7.3,7.3,7.1,7.3,0,-0.1,0
A,SigE+,yodT,BSU19740,0,-0.1,1,6.5,7.1,7.6,7.3,7.1,7.3,-0.1,-0.2,-0.1
A,SigE+,yokU,BSU19689,0,-0.1,0.5,6,7.1,7.7,7.8,7.5,7.8,0.1,-0.2,0
A,SigE+,yotN,BSU19820,0,0.2,-0.1,3.6,5.8,6.1,6.5,6.9,6.8,0.4,-0.2,0
A,SigE+,yozD,BSU19660,0,0.4,2,6.5,6.6,5.9,5.8,6.4,6.1,1.8,1.1,1.4
A,SigE+,yozE,BSU19680,0,0.9,1.5,2.9,4,4.5,4.7,4.4,4.7,0.3,0.1,0.4
A,SigE+,yozN,BSU19270,0,0.4,1.6,7.4,8.3,8.3,8.1,8,7.9,0.2,-0.1,0.2
A,SigE+,ypqA,BSU22240,0,0.2,0.3,0.8,1,5.2,7.1,7.3,7.3,0.3,0.3,0.3
A,SigE+,ypuD,BSU23300,0,-0.2,-0.8,0.7,1.2,1.2,0.4,1.2,0.4,-0.7,-0.7,-0.4
A,SigE+,yqxA,BSU25520,0,-0.3,1.5,5.2,4.8,4.6,4.6,4.2,4.6,0.3,0.1,0.2
A,SigE+,yrbD,BSU27810,0,-1.1,-0.8,2.9,3.2,3.4,3.8,3.1,3.5,-0.2,-0.2,-0.1
A,SigE+,yslB,BSU28460,0,-0.6,-0.5,-1.4,-1.2,-1.3,-1.9,-2.1,-2.8,0.5,0.5,1
A,SigE+,ysnD,BSU28320,0,0.2,0.4,3.1,4.5,7.3,8.5,8.4,8.3,0,0,0.1
A,SigE+,ysnE,BSU28330,0,0.2,0.6,2.2,3.1,3.7,3.8,3.6,3.5,0,0.2,0.8
A,SigE+,ysxE,BSU28100,0,-0.5,1.7,7.6,8.1,8.2,7.9,7.7,7.8,1.6,0.9,1.4
A,SigE+,yteV,BSU30080,0,-0.1,0.7,3.3,3.1,3,3.6,3,3.7,0.9,0.5,0.4
A,SigE+,ytrH,BSU29239,0,-0.2,0.7,4.4,3.3,2.9,2.8,1.8,1.8,-0.2,0.1,0.3
A,SigE+,ytvB,BSU30330,0,0.3,0.8,0.9,1.1,2.6,4.8,4.3,4.8,0.3,0.3,0.5
A,SigE+,yugT,BSU31290,0,-0.1,0.1,5,5.2,5,4.4,4.4,4.1,1.5,1.5,2
A,SigE+,yunB,BSU32350,0,-0.4,-0.6,3.3,3.4,3,4.2,3.9,4,1.8,1.5,1.6
A,SigE+,yusR,BSU32900,0,-0.3,-0.3,-0.7,-0.7,-0.8,-0.5,-0.9,-0.7,0.3,0.7,0.6
A,SigE+,yutJ,BSU32200,0,-0.8,-2.2,-2,-2.3,-2.5,-2.9,-3.8,-4.2,-1.5,-1.4,-1.4
A,SigE+,yuzC,BSU31730,0,0.1,1.2,6.4,7,7.1,6.6,6,6.1,0.2,0.5,0.5
A,SigE+,yvbH,BSU33860,0,-0.3,-0.1,-1.1,-1.7,-2.1,-2.3,-2.7,-3.2,-0.7,-0.5,-0.1
A,SigE+,yvdF,BSU34620,0,0.1,0.6,-0.3,-0.4,-0.5,-0.1,-0.2,0.4,-0.8,-0.3,-0.8
A,SigE+,ywjE,BSU37190,0,-0.1,-0.1,1.3,2.6,3.9,4.8,4.5,5.1,0.1,0.2,0.1
A,SigE+,ywnH,BSU36560,0,0,-0.4,-0.6,-0.9,-0.9,-0.6,-0.1,0.4,1,0.8,0.9
A,SigE+,yxeD,BSU39590,0,0.1,0,1.7,5,7.2,6.9,6.8,7.1,-0.1,0,0.1
A,SigE+,yybI,BSU40630,0,0.4,1.3,3.9,4.2,4.5,3.9,3.6,3.3,-0.4,0.1,0
A,SigE+,yycN,BSU40290,0,0.8,1,3.9,4.6,4.5,4.4,4.1,3.8,-0.1,0.5,0.4
A,SigE+,yycO,BSU40280,0,1.1,2.1,3.5,4.1,4.8,6.2,6.7,7.3,-0.6,-0.5,-0.5
B,SigF+,arsB,BSU25790,0,-0.7,-1.1,1.8,1.6,1.1,1.5,1.1,1.2,0.2,0.1,0.3
B,SigF+,arsC,BSU25780,0,-0.9,-1.1,1.9,2,1.5,1.8,1.4,1.7,0,-0.2,0.1
B,SigF+,arsR,BSU25810,0,0.2,-0.2,0,0,0.4,0.4,0.8,1.3,0.4,0.5,1.1
B,SigF+,bofC,BSU27750,0,-1.1,-0.9,2.1,2,1.8,2.1,2,2.1,-1.4,-0.6,-1.5
B,SigF+,csbX,BSU27760,0,-1,-0.7,-1.5,-1.5,-1.1,-1.4,-1.7,-2.5,-2.2,-1.2,-2.6
B,SigF+,csfG,no locus tag,0,-0.7,-1,-1.1,-0.8,-1.7,-1.7,-1.3,-1.3,0.6,0.3,0.5
B,SigF+,dacF,BSU23480,0,-0.5,0.6,7.1,7.3,6.7,6.3,6.6,6.4,0,-0.2,0.1
B,SigF+,gerAA,BSU33050,0,0.1,0.1,2.2,4,4.4,4.4,4.3,4.1,0.5,0.6,0.7
B,SigF+,gerAB,BSU33060,0,0.3,0,2.3,4.3,4.4,4.6,4.5,4.5,1.1,0.6,1
B,SigF+,gerAC,BSU33070,0,0,-0.1,1.9,3.7,3.9,4.1,3.9,3.8,0.5,0.4,0.5
B,SigF+,gerD,BSU01550,0,-0.1,0.3,3.6,5.4,6.5,6.3,6.3,6.8,0.7,0.7,0.9
B,SigF+,gin ,BSU00240,0,-1,-0.8,1.3,1,2.7,3.2,2.7,2.8,1,0.3,0.8
B,SigF+,ksgA,BSU00420,0,0,0.1,0.4,0.4,0.4,0.5,-0.1,0,2.7,2.3,2.8
B,SigF+,lonB,BSU28210,0,-0.7,0.3,5.7,5.5,4.7,4.9,4.7,4.5,0,0,0.3
B,SigF+,mcsA,BSU00840,0,1,0.9,0.8,0.5,0.4,0.6,0.3,0.6,1,1,1
B,SigF+,mutTA ,BSU30630,0,-0.7,-1.4,-1.2,-1.3,-1,-1.3,-0.9,-0.2,-0.4,-0.4,-0.2
B,SigF+,pbpG,BSU37510,0,-0.3,0.6,4.6,4.5,3.9,4.4,4.3,4.3,-0.1,0.1,0.2
B,SigF+,pbpI ,BSU27310,0,0,1,4.7,4.1,3.5,3,2.8,2.1,1.5,1.3,1.5
B,SigF+,seaA ,BSU22850,0,0.4,-0.1,3.7,4.2,4.4,4,4.4,4.2,1.3,1.2,1.4
B,SigF+,spoIIQ,BSU36550,0,-1.5,2.5,6.4,6.4,6.2,5.9,6.3,5.8,0,-0.4,0
B,SigF+,spoVT,BSU00560,0,-0.5,-1.4,0.9,2.1,2.7,2.4,2.5,2.5,1.1,0.6,0.9
B,SigF+,sspN,BSU18020,0,-0.9,-0.2,4.9,5.9,7.4,7.4,7.4,7.4,0.2,-1,-0.6
B,SigF+,subA,BSU00540,0,-0.4,-0.9,1.6,1.9,2.2,1.8,2,1.8,0.6,0.5,0.6
B,SigF+,tlp,BSU18030,0,-0.6,-0.1,5,5.8,7.7,7.7,7.7,7.8,0.5,-0.7,-0.5
B,SigF+,tuaF,BSU35560,0,-0.3,0.1,3.3,3.1,2.6,2.5,2.8,2.6,0.7,0.7,0.9
B,SigF+,tuaG,BSU35550,0,-0.2,0.1,3.1,2.6,2.4,2.4,2.5,1.8,0.7,0.8,0.8
B,SigF+,tuaH,BSU35540,0,-0.2,0.2,3,2.5,2.1,2.5,2.8,2.5,0.9,0.8,1
B,SigF+,yabT,BSU00660,0,-0.4,3.4,5.3,4.8,4.1,3.8,4,3.1,2.2,1.8,2.1
B,SigF+,yckD,BSU03400,0,0,0,3.7,6.4,6.2,5.9,6.2,6.3,0.1,0.1,0.4
B,SigF+,yetF,BSU07140,0,-0.8,-0.5,3.6,4,3.4,3.5,3.3,3.1,0,0.1,0.3
B,SigF+,yfhD,BSU08490,0,-0.8,0,4.4,5.3,6.6,6.3,6.2,6.5,0.5,-0.2,-0.1
B,SigF+,yfhE,BSU08500,0,-0.7,0,4.5,5.3,4.8,4.3,4.7,4.7,0,-0.1,0.1
B,SigF+,yfkO,BSU07830,0,-1.5,-1.1,0.6,0.8,0.8,0.8,0.9,0.9,2.1,2.3,1.9
B,SigF+,yhbA,BSU08910,0,-0.3,-0.9,0.6,0.3,0.7,1.7,1.1,0.9,2.9,2.6,3
B,SigF+,yhcM,BSU09140,0,-0.9,-0.6,3.4,4.7,5.8,6.1,6,6.6,-0.9,-0.8,-0.4
B,SigF+,yhcN,BSU09150,0,-0.2,-0.8,3.1,6.3,7.4,7.1,7.1,7.2,-0.6,-0.7,-0.3
B,SigF+,yhfM,BSU10280,0,0.1,0.3,5.7,6.5,6.6,6.2,6.3,6.5,0.4,0.6,0.8
B,SigF+,yhfW,BSU10390,0,0.5,0.7,4.7,5.1,4.6,4.7,4.5,4.2,-0.2,-0.2,-0.2
B,SigF+,yisN,BSU10780,0,0,0.3,4.2,4.3,3.4,3.3,3.8,3,-0.1,0.1,0.1
B,SigF+,yjbA,BSU11410,0,3.3,2.1,5.9,5.8,5.2,4.8,5,4.7,-0.5,-0.3,-0.2
B,SigF+,ykuS,BSU14200,0,-0.5,-0.7,2,3,2.8,2.3,2.8,2.4,-0.3,-0.5,-0.1
B,SigF+,ylbB,BSU14950,0,0.1,0.6,3.4,3.4,2.6,2.5,2.8,2.5,1.2,1.1,1.5
B,SigF+,ylbC,BSU14960,0,0.2,0.6,3.4,3.4,2.8,2.6,2.9,2.3,1.4,1,1.4
B,SigF+,ypfB,BSU22900,0,0.6,-0.4,2.3,3.4,3.5,3,3.3,3.3,1,0.7,1
B,SigF+,yphA,BSU22860,0,0.4,-0.1,3.6,3.7,2.6,3.5,3.8,3.6,1.3,1.2,1.3
B,SigF+,yqcK,BSU25800,0,-0.6,-0.9,2.4,2.2,1.6,2.1,1.7,2.1,0.3,0.3,0.6
B,SigF+,yqhG,BSU24590,0,-0.5,-0.8,2.9,3,2.5,2.6,2.8,2.7,-0.1,-0.1,-0.3
B,SigF+,yqhH,BSU24580,0,-0.3,0,4.8,4.9,4.3,4.5,4.6,4.5,-0.2,-0.3,-0.2
B,SigF+,yqhQ,BSU24490,0,-1,0,1.5,1.5,1.1,1.3,1.4,1.2,-0.2,-0.4,-0.4
B,SigF+,yqzG,BSU24650,0,-0.2,0.4,5.5,6.2,6,5.7,5.7,5.8,-0.2,-0.5,-0.2
B,SigF+,yrzK,BSU27570,0,0.2,0.3,4.2,5.6,5.8,5.4,5.6,5.7,1.5,1.2,1.6
B,SigF+,ytfI,BSU29510,0,-0.5,0.2,4.9,4.6,3.7,3.7,3.7,3.1,0.2,0.3,0.3
B,SigF+,ytfJ,BSU29500,0,-0.8,0.5,6.4,7,6.9,6.3,6.5,6.5,0.3,0.2,0.1
B,SigF+,yuiC,BSU32070,0,1,1.4,4.5,4.5,4.2,3.4,3.9,3.9,1,0.7,0.9
B,SigF+,yusW,BSU32950,0,1.2,1,3.4,4.5,4.6,4.1,4.4,4.5,0.2,0.1,0.1
B,SigF+,ywnF,BSU36580,0,0.9,1.2,2.5,2.3,2.9,3.7,3.5,3.2,0.9,0.8,1.1
B,SigF+,ywnJ,BSU36540,0,0.7,0,3.2,2.6,1.2,2.4,1.8,0.7,0.6,1.2,1.1
B,SigF+,yyaC,BSU40950,0,-0.9,0.7,4.7,4.8,4.5,4.4,4.2,4.5,-1,-0.7,-0.5
C,GerR+,cgeA,BSU19780,0,-1.1,-1.4,-1.4,-3.3,-2.1,2.8,3.8,4,-2.7,-4,-3.5
C,GerR+,cgeB,BSU19790,0,-1.1,-1.6,-1.8,-2.9,-1.8,3.1,4.3,4.8,-1.8,-3.1,-3
C,GerR+,cotY,BSU11750,0,0,0,4.4,4.5,7.7,8.4,8.5,8.5,-0.6,-0.9,-0.7
C,GerR+,spoVIF,BSU11810,0,-1,-1.9,-1.2,-0.3,3.7,4.2,4.4,4.4,-3.3,-4,-3.7
D,GerR-,cotU,BSU17670,0,1,1,1.1,0.4,0.5,2.3,4.7,5.2,0.6,-0.5,-0.1
D,GerR-,spoIIP,BSU25530,0,-0.2,1.6,5.2,5,4.8,4.7,4.5,4.8,-0.2,-0.2,-0.1
E,Spo0A+,abbA, BSU14120,0,1.4,2.2,1.6,2.3,2.3,0.9,1.5,0.9,0.5,0.5,0.4
E,Spo0A+,accA,BSU29200,0,-0.2,0.6,0,-0.5,-0.9,-1.6,-1.1,-1.6,1,0.7,0.9
E,Spo0A+,accD,BSU29210,0,0.3,0.9,0.4,0.1,-0.2,-1.1,-0.6,-0.8,1.1,1.1,1.1
E,Spo0A+,ccpC,BSU14140,0,1,1.5,0.6,1.2,1.1,0.2,0.5,0,0.7,0.8,0.6
E,Spo0A+,kinA,BSU13990,0,0.7,1.5,-0.1,-0.5,-1.1,-1.8,-1.1,-1.7,-2.3,-1.8,-2.1
E,Spo0A+,kinC,BSU14490,0,-0.6,-1.1,-2.7,-3,-3.5,-3.6,-3.2,-3,-0.6,-0.4,-0.5
E,Spo0A+,putP,BSU03220,0,3.9,1.3,0.7,1,1.2,1.1,-0.2,0.4,0.5,0.7,0.1
E,Spo0A+,racA,BSU37030,0,-0.5,4.6,3.7,3.6,3,2.4,2.9,2.8,0.1,-0.1,0.2
E,Spo0A+,sdpB,BSU33760,0,3.4,3.3,1.8,1.5,0.1,-2.8,-1.4,-2.1,-3.8,-4.2,-4.1
E,Spo0A+,sdpC,BSU33770,0,0.9,1,0.9,0.9,0.8,-0.7,-0.1,-2,-5.8,-5.8,-5.8
E,Spo0A+,sigE,BSU15320,0,0.3,6.2,6.7,6.2,5.8,4.6,5.1,4.5,0.2,0.4,0.3
E,Spo0A+,sinI,BSU24600,0,-0.4,2,2.9,3.2,2.9,2.3,2.7,2.4,-1.1,-0.9,-1.2
E,Spo0A+,sirA,BSU17900,0,0.5,5.5,4.5,4,3.4,0.9,2.1,1.2,0.9,0.9,0.9
E,Spo0A+,skfA,BSU01910,0,0.9,3.6,3.7,3.6,3.4,3.4,3.2,3.3,-2.9,-2.5,-2.3
E,Spo0A+,skfB,BSU01920,0,1.2,4.5,3.8,3.5,2.2,0.9,1.3,0.3,-1.3,-1.1,-1.2
E,Spo0A+,skfC,BSU01935,0,1.1,4.2,3.5,3,1.8,0.6,1,-0.1,-1.4,-1.1,-1.2
E,Spo0A+,skfE,BSU01950,0,1.5,3.7,2.9,2.6,1.4,0.4,0.5,-0.6,-1.6,-1.4,-1.5
E,Spo0A+,skfF,BSU01960,0,1.6,3.9,3.1,2.6,1.5,0.6,0.7,-0.4,-1,-0.9,-1
E,Spo0A+,skfG,BSU01970,0,1.7,3.8,3.2,2.8,1.8,0.8,1.1,-0.1,-1,-1,-0.8
E,Spo0A+,skfH,BSU01980,0,1.7,3.9,3.3,2.9,1.9,0.9,1.4,0.6,-0.7,-0.9,-0.7
E,Spo0A+,spo0A,BSU24220,0,1.2,2.5,1.6,1.3,1.2,0.8,0.7,0.7,0.1,-0.1,0.2
E,Spo0A+,spo0F,BSU37130,0,0.6,2.1,0.1,-0.2,-0.8,-1.1,-0.9,-1.7,-1,-1.1,-0.9
E,Spo0A+,spoIIE,BSU00640,0,-0.4,5.7,5.3,4.5,4.1,3.1,3.9,3.5,3.2,2.7,3.1
E,Spo0A+,spoIIGA,BSU15310,0,0.4,5.8,6,5.5,4.9,4.2,4.7,4,0.2,0.4,0.1
E,Spo0A+,yerB,BSU06570,0,-1.8,-0.5,-0.9,-0.7,-0.7,-1.4,-1.2,-1.2,-0.8,-1,-1.2
E,Spo0A+,yerC,BSU06580,0,-2,-0.8,-1.3,-0.9,-1.1,-1.5,-1.4,-1.2,-1,-1.4,-1.3
E,Spo0A+,yfmJ,BSU07450,0,1.1,1.8,0.5,-0.1,-0.6,-0.9,-1,-1.6,-0.2,-0.1,-0.4
E,Spo0A+,yjcM,BSU11910,0,1,-0.2,-2.1,-2.3,-3.3,-4.9,-3.8,-3.6,-2.6,-1.3,-2.5
E,Spo0A+,ykuJ,BSU14100,0,0.3,0,0.4,1.3,1.4,0.2,0.3,0.1,1.6,1.7,1.7
E,Spo0A+,ykuK,BSU14110,0,0.2,-0.1,0.4,1,1,0,0.1,-0.3,1.8,1.6,1.5
E,Spo0A+,ykuL,BSU14130,0,0.4,1.3,0.8,1.1,0.9,-0.7,0,-0.9,-0.8,0.2,-0.8
E,Spo0A+,yneF,BSU17910,0,0.4,0.6,0.1,-0.1,-0.4,-2.1,-1,-1.5,0.9,1.1,1
E,Spo0A+,yocH,BSU19210,0,1.2,2.7,2.5,2.9,2.9,0.9,2.5,0.4,0.2,-0.7,-0.2
E,Spo0A+,yppD,BSU22280,0,0.5,5.2,3.4,3.1,3,2.4,3.2,3.3,-0.3,-0.3,-0.1
E,Spo0A+,yppE,BSU22270,0,0,3.4,2.3,2,1.9,1.4,2.3,2.2,0.8,0.5,1.7
E,Spo0A+,yqcF,BSU25870,0,-0.6,0.6,-0.5,-0.8,-1.5,-2.2,-1.3,-1.9,-0.9,-1.1,-1.3
E,Spo0A+,yqcG,BSU25860,0,0.2,1.6,0.4,0.2,-0.3,-1.5,-0.7,-1.7,-0.4,-0.1,-0.5
E,Spo0A+,yqxI,BSU25890,0,-0.9,1.2,-0.3,-0.9,-2.1,-3.1,-3,-4.2,-3.1,-3,-2.7
E,Spo0A+,yqxJ,BSU25880,0,-0.5,1.5,-0.1,-0.6,-1.8,-2.8,-2.4,-3.3,-2.7,-2.8,-2.4
E,Spo0A+,yttP,BSU29630,0,0.1,5.5,4.5,4.6,3.8,3.7,4.1,4.2,-0.5,-0.5,-0.6
E,Spo0A+,yusD,BSU32760,0,0.7,2.6,1.5,1.5,1,0.5,0.6,0.5,-0.4,-0.5,-0.5
E,Spo0A+,yusE,BSU32770,0,0.9,1,0.7,0.6,0.9,1.1,0.9,1.4,0,0,0.2
E,Spo0A+,yxbD,BSU39870,0,3.5,3,2.1,1.6,0.6,-0.8,-0.4,-0.9,-1.1,-0.6,-0.8
E,Spo0A+,yybN,BSU40580,0,0.5,0,-1.4,-1.6,-2.5,-3.8,-3.3,-4.7,-0.7,-0.5,-1.2
F,Spo0A-,abrB,BSU00370,0,-0.3,-2.2,-3.1,-3.4,-3.7,-4,-4.2,-4.5,-0.9,-2,0
F,Spo0A-,cheA,BSU16430,0,-0.5,-2.1,-3.6,-4.2,-4.8,-4.9,-5.4,-5.6,-2.5,-1.8,-2.4
F,Spo0A-,cheB,BSU16420,0,-0.5,-2.2,-3.8,-4.4,-4.8,-5,-5.3,-5.4,-2.4,-1.7,-2.3
F,Spo0A-,cheC,BSU16450,0,-0.9,-2.2,-3.8,-4.4,-4.8,-5,-5.4,-5.4,-2.5,-1.7,-2.4
F,Spo0A-,cheD,BSU16460,0,-0.8,-2.1,-3.8,-4.4,-4.9,-5.1,-5.5,-5.5,-2.5,-1.9,-2.4
F,Spo0A-,cheW,BSU16440,0,-0.7,-2.1,-3.6,-4.2,-4.7,-5,-5.5,-5.7,-2.5,-1.9,-2.5
F,Spo0A-,cheY,BSU16330,0,-0.1,-2.1,-3.4,-3.8,-4.5,-4.6,-5,-5.9,-2.8,-2.1,-2.8
F,Spo0A-,comZ,BSU11310,0,-1,-1.1,-1.5,-1.5,-2.1,-2.6,-1.8,-1.1,0.3,0,0.5
F,Spo0A-,divIVA,BSU15420,0,0.8,0.6,-0.2,-0.6,-1.1,-1.9,-1.1,-2.2,0.5,0.3,0.6
F,Spo0A-,dltA,BSU38500,0,-1.3,-3.2,-4.2,-4.7,-4.3,-3,-3.9,-3.8,0.4,0.7,0.5
F,Spo0A-,dltB,BSU38510,0,-1.6,-3.7,-5.1,-5.9,-5.6,-4.6,-5.4,-5.1,0.2,0.5,0.2
F,Spo0A-,dltC,BSU38520,0,-1.9,-4,-5.5,-6.3,-6.4,-5.6,-6.7,-6.4,0.1,0.4,0.1
F,Spo0A-,dltD,BSU38530,0,-2.2,-4.1,-5.7,-6.5,-6.6,-5.9,-6.7,-6.2,0,0.3,0
F,Spo0A-,dltE,BSU38540,0,-2.3,-3.9,-4.5,-4.2,-3.9,-3.8,-4.1,-4.3,0.1,0.3,-0.1
F,Spo0A-,dnaA,BSU00010,0,1.2,0.2,-1.1,-1.6,-2.2,-3,-2.8,-3.6,1.6,1.6,1.7
F,Spo0A-,dnaG,BSU25210,0,0.7,0,0,0.1,0.4,0.4,0.2,0.4,0.7,0.6,0.7
F,Spo0A-,dnaN,BSU00020,0,0.8,-0.5,-1.7,-2.2,-2.7,-3.1,-3.3,-3.6,1.5,1.5,1.5
F,Spo0A-,flgB,BSU16180,0,0.8,-0.5,-2.4,-2.7,-3.3,-3.7,-3.3,-4.2,-1.7,-1.3,-1.5
F,Spo0A-,flgC,BSU16190,0,0.7,-0.7,-2.4,-2.9,-3.4,-4.1,-3.7,-4.3,-2,-1.5,-1.8
F,Spo0A-,flgE,BSU16290,0,0.2,-1.6,-3.1,-3.6,-4.1,-3.6,-4.2,-4.5,-2.6,-1.8,-2.5
F,Spo0A-,flhA,BSU16390,0,-0.4,-2.3,-3.9,-4.4,-4.7,-4.9,-5.1,-5.2,-2.3,-1.6,-2.3
F,Spo0A-,flhB,BSU16380,0,-0.1,-2.1,-3.7,-4.3,-4.5,-4.7,-5.1,-5.3,-2.2,-1.5,-2.1
F,Spo0A-,flhF,BSU16400,0,-0.5,-2.2,-3.8,-4.4,-4.8,-4.9,-4.9,-5.1,-2.5,-1.8,-2.4
F,Spo0A-,fliE,BSU16200,0,0.7,-0.7,-2.4,-3,-3.3,-3.9,-3.3,-3.7,-2.2,-1.6,-2
F,Spo0A-,fliF,BSU16210,0,0.6,-0.9,-2.5,-2.9,-3.4,-4.2,-3.7,-4.1,-2.2,-1.6,-2
F,Spo0A-,fliG,BSU16220,0,0.3,-1.3,-2.6,-3.1,-3.6,-4,-3.9,-4.4,-2.3,-1.7,-2.3
F,Spo0A-,fliH,BSU16230,0,0.4,-1.2,-2.7,-3.1,-3.8,-4.1,-3.7,-4.3,-2.3,-1.5,-2.1
F,Spo0A-,fliI,BSU16240,0,0.2,-1.4,-3,-3.5,-4,-4.5,-4.8,-5.2,-2.3,-1.6,-2.3
F,Spo0A-,fliJ,BSU16250,0,0.5,-1,-2.6,-3,-3.6,-3.6,-3.4,-3.4,-2.1,-1.5,-1.9
F,Spo0A-,fliK,BSU16270,0,0.4,-1.2,-2.9,-3.4,-3.9,-3.9,-3.7,-3.9,-2.5,-1.6,-2.2
F,Spo0A-,fliL,BSU16300,0,0,-1.7,-3.1,-3.7,-4.4,-4.2,-4.1,-4,-2.8,-2,-2.6
F,Spo0A-,fliM,BSU16310,0,-0.1,-1.9,-3.5,-4.1,-4.9,-5,-5.2,-5.4,-2.8,-2,-2.6
F,Spo0A-,fliP,BSU16350,0,0,-1.9,-3.4,-3.9,-4.5,-4.6,-4.8,-4.9,-2.7,-2,-2.7
F,Spo0A-,fliQ,BSU16360,0,-0.4,-2.2,-3.5,-4.1,-4.5,-4.6,-5.2,-5.4,-2.5,-1.6,-2.4
F,Spo0A-,fliR,BSU16370,0,-0.2,-2.2,-3.5,-4.1,-4.5,-4.8,-5.2,-5.5,-2.3,-1.6,-2.3
F,Spo0A-,fliY,BSU16320,0,-0.3,-2,-3.6,-4.3,-5,-5.5,-5.5,-5.9,-2.8,-1.9,-2.6
F,Spo0A-,fliZ,BSU16340,0,-0.1,-1.9,-3.4,-4,-4.5,-4.7,-5,-5.2,-2.8,-2.1,-2.8
F,Spo0A-,ftsE,BSU35260,0,0.7,-0.8,-2.2,-2.8,-2.9,-4.2,-3.9,-4.2,0.7,0.6,0.5
F,Spo0A-,ftsX,BSU35250,0,0.5,-0.7,-2,-2.8,-2.9,-3.7,-3.5,-3.5,0.8,0.4,0.5
F,Spo0A-,lytE,BSU09420,0,1.7,1.3,0.4,-0.1,-0.5,-2.1,-0.3,-1.4,2.4,2.2,2.4
F,Spo0A-,med,BSU11300,0,-1.1,-1.5,-1.4,-1.3,-1.8,-2,-2.5,-2.4,-0.4,-0.7,-0.3
F,Spo0A-,metS,BSU00380,0,-0.2,-0.5,0,-0.5,-1.3,-1.2,-1,-2,0.4,0.5,0.4
F,Spo0A-,nfrA,BSU38110,0,-0.4,-0.7,0.3,0.6,0.6,0.9,0.5,1,0.7,0.5,0.9
F,Spo0A-,pdxS,BSU00110,0,0.3,-0.6,-0.9,-1.6,-1.8,-2.2,-1.9,-2,-0.4,-0.3,-0.4
F,Spo0A-,pdxT,BSU00120,0,0.1,-0.8,-0.9,-1.4,-1.6,-2.2,-1.9,-2.2,-0.5,-0.6,-0.6
F,Spo0A-,phrA,BSU12440,0,1.2,1.5,1.5,1.5,1.4,1.2,1.5,1.1,-4.5,-4.4,-4.7
F,Spo0A-,pit,BSU12840,0,-0.6,-1.8,-1.6,-1.1,-0.7,-0.8,-0.8,-0.5,1.5,1.3,1.4
F,Spo0A-,rocD,BSU40340,0,-4.8,-5.1,-6.7,-7.3,-7.6,-6.7,-8,-6.5,-6.5,-6.1,-6.5
F,Spo0A-,rocE,BSU40330,0,-4.6,-5,-5.1,-5.5,-5.9,-5.4,-6.1,-6.4,-4.1,-4.2,-4.3
F,Spo0A-,rocF,BSU40320,0,-4.4,-4.9,-4.7,-4.9,-5.5,-5.2,-5.5,-5.5,-3.5,-4,-3.9
F,Spo0A-,rok,BSU14240,0,1.1,1.2,-0.2,-0.8,-1.1,-1.9,-1.1,-0.9,0.8,0.6,1
F,Spo0A-,sepF,BSU15390,0,0.5,0.5,0.5,0.5,0.3,0.1,-0.1,-0.2,0.5,0.3,0.5
F,Spo0A-,sigA,BSU25200,0,0.2,-1.5,-0.3,-0.5,-0.2,0.3,0.1,0.4,0.9,0.2,0.7
F,Spo0A-,sigD,BSU16470,0,-0.7,-2,-3.7,-4.2,-4.7,-5.1,-5.2,-5.4,-2.3,-1.7,-2.2
F,Spo0A-,sinR,BSU24610,0,0.1,0.8,1.3,1.7,1.7,1.1,1.3,1,-0.6,-1,0
F,Spo0A-,soj,BSU40970,0,0.5,0.2,-1.2,-1.6,-2.4,-4,-3.7,-4.5,0,0,0.1
F,Spo0A-,spo0J,BSU40960,0,0.3,0,-1.3,-1.8,-2.4,-3.4,-2.9,-4.1,-0.1,-0.1,-0.1
F,Spo0A-,swrB,BSU16480,0,-0.6,-1.8,-0.1,-0.3,-1.1,-1.2,-0.9,-1.8,-2.1,-1.6,-2.1
F,Spo0A-,tagV,BSU35520,0,0.5,-0.3,-1.5,-1.9,-2,-1.9,-2.1,-2,1,0.8,1.1
F,Spo0A-,tkt,BSU17890,0,-0.2,-1.3,-1.5,-1.7,-2,-2,-1.9,-2,0,0.1,-0.2
F,Spo0A-,ykaA,BSU12850,0,0.2,-1.2,-1.6,-1,-0.7,-0.9,-0.6,-0.5,1.7,1.7,2
F,Spo0A-,ylmD,BSU15370,0,0.9,0.7,0.6,0.4,0.1,-0.5,-0.2,-1,0.5,0.6,0.5
F,Spo0A-,ylmE,BSU15380,0,0.9,0.6,0.6,0.4,0.2,-0.2,-0.1,-0.7,0.8,0.7,0.7
F,Spo0A-,ylmG,BSU15400,0,0.7,0.4,0.4,0.5,0.2,-0.2,-0.1,-0.5,0.6,0.4,0.2
F,Spo0A-,ylmH,BSU15410,0,0.7,0.3,-0.4,-0.9,-1.2,-2.4,-1.5,-2.7,1,0.8,0.8
F,Spo0A-,ylxF,BSU16260,0,0.3,-1.3,-3,-3.5,-3.9,-4.1,-4.4,-4.7,-2.1,-1.5,-2
F,Spo0A-,ylxG,BSU16280,0,0.4,-1.4,-3,-3.6,-3.9,-4,-3.9,-4.1,-2.6,-1.6,-2.3
F,Spo0A-,ylxH,BSU16410,0,-0.5,-2.1,-3.9,-4.5,-4.8,-4.7,-5.1,-5.2,-2.5,-1.7,-2.4
F,Spo0A-,yqxD,BSU25230,0,0.5,-0.2,0.4,0.9,0.9,0.5,0.5,0.4,0.6,0.5,0.6
F,Spo0A-,yqzC,BSU24940,0,-0.9,-1.3,-2.2,-2.2,-2.3,-1.6,-1.8,-1.8,0.6,0.2,0.8
F,Spo0A-,yqzD,BSU24930,0,-0.5,-1.2,-2,-1.8,-2.3,-2.2,-1.9,-2,0.3,0.4,0.9
F,Spo0A-,yrrL,BSU27370,0,-0.8,-1.9,-2.1,-2.1,-2.6,-2.9,-3,-3.3,0.5,0.4,0.5
F,Spo0A-,yuxH,BSU31740,0,-0.9,-2,-3.9,-4.5,-4.6,-4,-3.1,-2.6,0.2,-0.2,0
F,Spo0A-,yvyE,BSU35510,0,0.9,-0.1,-1.6,-1.9,-1.8,-2.3,-2.1,-2.6,1,0.9,1.3
F,Spo0A-,ywcH,BSU38100,0,-0.5,-0.7,-0.6,0,0.7,0.8,0.3,0.1,1,0.9,1.1
G,Spo0A-/+,rapA,BSU12430,0,1.1,1.2,1.1,1.1,1.2,0.9,1.1,0.7,-4.9,-4.7,-5.2
G,Spo0A-/+,sdpA,BSU33750,0,3.1,3.3,1.9,1.9,0.5,-1.9,-1.3,-1.7,-3.5,-3.9,-3.9
G,Spo0A-/+,yfmI,BSU07460,0,2.2,2.4,0.5,-0.6,-1.4,-2.2,-1.6,-1.3,-0.4,-0.4,-0.4
G,Spo0A-/+,yxbC,BSU39880,0,4,4.1,4,3.6,2.7,2.1,2.5,2.2,-2.8,-2.5,-2.9
H,SpoIIID+,cotV,BSU11780,0,-0.7,-1.5,-0.9,-0.8,3.9,5.1,5,5,-1.1,-2.6,-2.1
H,SpoIIID+,gerE,BSU28410,0,-0.5,-1.7,-1.3,-1.6,2.8,4.6,4.7,4.8,-1,-0.8,-1.4
H,SpoIIID+,lip,BSU02700,0,-0.8,0.6,-0.2,-0.9,-2.1,-4.8,-4.9,-5.2,-2.8,-2.1,-2.7
H,SpoIIID+,ydcI,BSU04780,0,0,-0.1,-0.4,-0.7,-1.7,-1.6,-0.6,0.3,1.3,1.3,1.3
H,SpoIIID+,yheI,BSU09710,0,0.3,-0.1,0,0,0.6,1,1.6,-0.1,-1.9,-1.5,-1.9
I,SpoIIID-,cotD,BSU22200,0,0.5,-0.8,-1.6,-1.9,0.4,3.4,3.6,3.6,0.9,0.8,1
J,"SigF+, RsfA+",gpr,BSU25540,0,-0.3,-0.1,4.3,4.8,4.6,4.8,4.5,4.7,-0.3,-0.2,-0.2
J,"SigF+, RsfA+",katX,BSU38630,0,-0.7,0.2,5.3,5.3,4.5,4.2,4.4,3.5,-0.6,-0.5,-0.5
K,"SigF+, RsfA-",rsfA,BSU37620,0,-1.9,1.9,5.6,5.4,4.7,4.3,4.5,4,-1.9,-1.6,-1.6
K,"SigF+, RsfA-",spoIIR,BSU36970,0,-2.5,-1,1.4,1.1,0.2,0.6,-0.1,0.2,-0.2,-0.6,0
L,"Spo0A+, SigF+",sigF,BSU23450,0,1.4,5.7,5.7,5.5,4.9,4.5,5.1,4.8,-2,-1.9,-1.7
L,"Spo0A+, SigF+",sigG,BSU15330,0,0.2,4.6,5.9,6.5,6.3,5.9,5.9,6,0.8,0.3,1.1
L,"Spo0A+, SigF+",spoIIAA,BSU23470,0,1.5,5.7,5.7,5.7,4.9,4.4,4.8,4.4,-2.3,-2,-2.2
L,"Spo0A+, SigF+",spoIIAB,BSU23460,0,1.3,5.8,5.5,5.5,4.7,4.2,4.7,4.4,-2.4,-1.9,-2.2
M,"SigF+, SpoIIID+",spoIVB,BSU24230,0,-0.3,-0.1,4.6,4.8,7.2,6.7,6.6,6.8,1.6,1.2,1.6
N,"SigE+, SigF+",spoIIP,BSU25530,0,-0.2,1.6,5.2,5,4.8,4.7,4.5,4.8,-0.2,-0.2,-0.1
N,"SigE+, SigF+",yrrS,BSU27300,0,0.3,0.8,1.9,1.5,0.9,0.3,0.4,-0.1,0.4,0.2,0.8
N,"SigE+, SigF+",yutH,BSU32270,0,0.1,0.5,4.3,4.4,4.3,4,3.8,3.6,-0.2,0.2,0.1
O,"Spo0A+, SigE+, SpoIIID+",putB,BSU03200,0,3.6,-3.2,-1.7,-0.5,0.4,0.1,-1.1,-0.2,-4.1,-4.1,-4.2
O,"Spo0A+, SigE+, SpoIIID+",putC,BSU03210,0,4.1,-2.6,-0.7,0.4,1,1.2,0.3,1.2,-3.9,-3.8,-3.9
P,"GerR+, SpoIIID-",cotC,BSU17700,0,-0.2,-0.3,0,-0.7,-1.1,-0.9,0.5,2,-0.4,-1.9,-1.5
Q,"GerR-, SpoIIID-, SigE+",phoB,BSU05740,0,0,0.7,5.3,5.2,5.1,5.2,4.7,4.9,1,1.1,1.3
Q,"GerR-, SpoIIID-, SigE+",spoIIIAA,BSU24430,0,-0.1,3,6.3,5.3,5.2,4.6,4.4,3.8,0.1,0.3,0.3
Q,"GerR-, SpoIIID-, SigE+",spoIIIAB,BSU24420,0,-0.1,2.5,6,5.1,4.8,4.4,4.1,2.9,-0.1,0,0.1
Q,"GerR-, SpoIIID-, SigE+",ydhF,BSU05730,0,0,0.3,4.3,4.2,4,4.4,3.8,4.3,0.9,0.8,1.1
Q,"GerR-, SpoIIID-, SigE+",yobN,BSU19020,0,0.2,0.9,4.2,3.4,3.3,2.6,2.4,2.4,0.2,0,0
R,"GerR-, SpoIIID+, SigE+",spoIIIC,BSU26390,0,1,0.4,4.9,6.9,7.9,7.3,7,7.1,1.5,1.4,1.8
R,"GerR-, SpoIIID+, SigE+",spoIVCA,BSU25770,0,1.3,1.4,5.1,5.6,5.4,5.2,5,5,1.7,1.5,1.8
S,"GerR-, SigE+",cypA,BSU26740,0,0.3,0.3,5,4.9,4.5,3.7,3.7,3.2,1.1,1.1,1.1
S,"GerR-, SigE+",kapD,BSU31470,0,0.4,0.4,2.2,2.5,2.7,3.6,3.8,4.6,0.1,0,0.2
S,"GerR-, SigE+",sbp,BSU15270,0,-0.8,-1.4,-2.1,-2.7,-2.9,-3.5,-3.3,-3.7,0.8,0.4,0.4
S,"GerR-, SigE+",spoIIM,BSU23530,0,0.1,1.5,4.5,3.2,3.2,1.8,1.9,0.7,0.5,0.6,0.6
S,"GerR-, SigE+",ybaS,BSU01590,0,0,0,0.6,0.4,0.2,0.4,0.2,-0.4,1.9,1.5,1.6
S,"GerR-, SigE+",yclG,BSU03680,0,0.5,0.1,0.7,0.5,0.5,1.5,1.6,3.6,1.8,1.5,1.9
S,"GerR-, SigE+",yfnE,BSU07300,0,0.3,-0.3,1.3,1.1,3.6,6,6.2,6.6,1.3,0.9,1.1
S,"GerR-, SigE+",yhjL,BSU10550,0,0.6,0.7,-0.3,-0.6,-0.7,-0.5,0.1,0.3,0.3,0.3,0.4
S,"GerR-, SigE+",yqhV,BSU24440,0,0,2.7,5.6,4.7,4.6,3.7,3.7,3.2,0.2,0.2,0.3
T,"GerR+, SigE+",cotB,BSU36050,0,0.4,0.1,3.2,3.8,6.6,8.2,8.5,8.3,0.3,0.5,0.6
T,"GerR+, SigE+",cotG,BSU36070,0,-1,-0.8,-1.1,-2.2,-4.3,1.6,2.1,2.1,-1.8,-3.8,-3.4
T,"GerR+, SigE+",cotZ,BSU11740,0,0.2,0.1,4.3,4.6,7.9,8.6,8.7,8.7,-0.5,-0.6,-0.3
U,"SigE+, SpoIIID+",asnO,BSU10790,0,-0.5,-0.3,4.6,5.9,6.9,7.3,6.9,6.6,-0.1,0,0.1
U,"SigE+, SpoIIID+",cotF,BSU40530,0,0,-0.1,2.7,4.1,8.7,8.7,8.5,8.5,0.2,0.4,0.5
U,"SigE+, SpoIIID+",cotJA,BSU06890,0,-0.1,2,7.6,8.3,8,7.7,7.6,7.3,0.7,0.6,0.7
U,"SigE+, SpoIIID+",cotJB,BSU06900,0,-0.1,1.7,8,8.5,8.7,7.8,8,7.4,0.3,0.5,0.6
U,"SigE+, SpoIIID+",cotJC,BSU06910,0,-0.1,1.7,8.3,8.7,8.7,7.8,8.1,7.3,0.2,0.4,0.6
U,"SigE+, SpoIIID+",cotT,BSU12090,0,-1,-1.1,2.2,4.9,7.2,7.3,7.4,7.4,-0.3,-0.5,-0.5
U,"SigE+, SpoIIID+",cwlJ,BSU02600,0,-0.1,0,5.5,6.8,7.4,7.3,7.5,7,0,0.4,0.4
U,"SigE+, SpoIIID+",gerR,BSU15090,0,-0.7,2.5,6.9,7,7.1,5.8,6.3,5.8,1.7,1.3,1.6
U,"SigE+, SpoIIID+",mpr,BSU02240,0,1.3,1.5,3.4,4.2,4.6,3.8,3.2,2.8,-1.5,-1.5,-1.7
U,"SigE+, SpoIIID+",proH,BSU18480,0,0.8,1.6,3.8,4.3,4.2,3.5,2.8,3.1,0.5,0.6,0.8
U,"SigE+, SpoIIID+",spoIVCB,BSU25760,0,0.2,0.2,5,7,7.7,7.4,7.2,7.2,0.1,0.2,0.2
U,"SigE+, SpoIIID+",spoVK,BSU17420,0,-0.3,-0.4,4.9,5.5,6.4,6.8,6.3,6.9,1.6,1.3,1.9
U,"SigE+, SpoIIID+",spoVM,BSU15810,0,-1.3,-0.7,3.7,4.5,4.4,4.4,4.4,4.4,0.3,-0.2,-0.2
U,"SigE+, SpoIIID+",yesJ,BSU06920,0,-0.8,-0.6,3.2,3.7,3.7,2.8,3.1,2.4,-1,-0.9,-0.6
U,"SigE+, SpoIIID+",yesK,BSU06930,0,-1.1,-1.2,0.8,1.1,1.3,1.2,0.9,0.2,-1.6,-0.2,-1
U,"SigE+, SpoIIID+",yhbB,BSU08920,0,0,0,5.5,5.9,5.9,5.7,5.2,5.4,2,1.8,2.1
U,"SigE+, SpoIIID+",yheC,BSU09780,0,-0.1,0.2,6.4,7.4,7.9,7.4,7.2,7.1,0,0.2,0.1
U,"SigE+, SpoIIID+",yknT,BSU14250,0,0,1,7.3,7.8,7.9,7,6.8,6.7,0.2,0.3,0.3
U,"SigE+, SpoIIID+",yknU,BSU14320,0,0.3,0.6,3.6,4,3.9,3.2,2.8,1.3,-0.4,-0.4,-0.3
U,"SigE+, SpoIIID+",yobW,BSU19110,0,0.4,0.6,5.8,5.7,5.2,5.4,5.7,5.3,1.1,0.3,0.4
U,"SigE+, SpoIIID+",yqfT,BSU25120,0,-0.1,0.7,6.3,7.6,8,7.7,8.2,7.6,0.3,0.2,0.4
V,"SigE+, SpoIIID-",bofA,BSU00230,0,0.7,0.6,3.6,3.1,2.7,2.6,2.5,2.4,2.6,2.3,2.5
V,"SigE+, SpoIIID-",citH,BSU39060,0,-0.2,0.2,4.6,4.9,5.3,5.8,4.9,5.2,-0.1,0.4,0.2
V,"SigE+, SpoIIID-",cwlD,BSU01530,0,0.2,1.2,5,4.4,5.2,4.9,5,5,0.8,0.7,0.9
V,"SigE+, SpoIIID-",dacB,BSU23190,0,-0.6,1.6,5.4,4.3,4,2.9,2.9,2,2,1.6,1.9
V,"SigE+, SpoIIID-",divIB,BSU15240,0,-0.3,-0.8,-0.6,-1.1,-1.5,-1.3,-1.4,-0.9,1,0.8,1
V,"SigE+, SpoIIID-",divIC,BSU00620,0,0.5,0.7,1.3,1,0.7,0.2,0.2,0.3,0.3,0.2,0.3
V,"SigE+, SpoIIID-",exuR,BSU12370,0,-0.2,-0.1,2.1,1.4,1.4,1.3,1,1,-0.2,-0.2,-0.2
V,"SigE+, SpoIIID-",exuT,BSU12360,0,0.2,0.4,4.6,4,3.5,3.5,2.4,1.8,-0.2,0.3,-0.1
V,"SigE+, SpoIIID-",gerM,BSU28380,0,-0.4,2.7,7.4,6.7,6.3,5.3,5.4,4.9,1.1,0.9,1.2
V,"SigE+, SpoIIID-",ispG,BSU25070,0,0.8,0.8,1.4,0.6,0.6,-0.8,-0.3,-0.8,1.4,1.6,1.5
V,"SigE+, SpoIIID-",kbaA,BSU01560,0,0.5,0.4,-0.6,0.5,0.9,0.4,0.6,0.5,0.2,0,-0.1
V,"SigE+, SpoIIID-",mlpA,BSU16710,0,-1.1,-1,1.6,1,1.4,0.8,0.9,1,1.6,1.3,1.6
V,"SigE+, SpoIIID-",mmgA,BSU24170,0,0.2,0.9,6.1,6.8,7.2,7,6.5,6.5,0,0,0
V,"SigE+, SpoIIID-",mmgB,BSU24160,0,0,0.7,5.7,6.3,6.8,6.7,6.1,6.2,-0.2,0,0
V,"SigE+, SpoIIID-",mmgC,BSU24150,0,0.1,0.8,6.2,6.8,7.3,7,6.5,6.5,-0.1,0,0
V,"SigE+, SpoIIID-",mmgD,BSU24140,0,-0.1,0.5,5.8,6.4,6.8,6.7,6.1,6.3,-0.2,0,-0.1
V,"SigE+, SpoIIID-",mmgE,BSU24130,0,-0.1,0.4,5.7,6.4,7,6.8,6.2,6.4,-0.3,0,-0.1
V,"SigE+, SpoIIID-",murB,BSU15230,0,-0.8,-1.8,-0.2,-0.7,-0.6,0.3,-0.2,0.1,1,0.8,0.9
V,"SigE+, SpoIIID-",murG,BSU15220,0,-1.8,-1.9,0.3,-0.4,-0.4,0.5,0.1,-0.1,1.5,1.3,1.5
V,"SigE+, SpoIIID-",pdaB,BSU01570,0,0,2.2,6.8,6,5.4,5.1,5.1,5.1,0.4,0.6,0.5
V,"SigE+, SpoIIID-",scoA,BSU38990,0,-0.4,-0.5,4.5,5.2,5.3,5,4.8,3.8,-0.2,0.6,0.3
V,"SigE+, SpoIIID-",scoB,BSU38980,0,-0.6,-0.6,4,4.9,4.9,4.9,4.5,3.8,0.2,0.4,0.2
V,"SigE+, SpoIIID-",spoIID,BSU36750,0,-0.2,1.7,5.3,4.8,4.3,3.9,3.6,3.3,2.2,2,2.3
V,"SigE+, SpoIIID-",spoIIIAC,BSU24410,0,-0.1,2.3,5.6,4.8,4.4,4,3.9,2.9,0.2,0,0.1
V,"SigE+, SpoIIID-",spoIIIAD,BSU24400,0,-0.1,2.2,5.7,4.6,4.3,3.8,3.8,2.7,0.1,0,0
V,"SigE+, SpoIIID-",spoIIIAE,BSU24390,0,-0.1,1.9,5.2,4.2,4,3.5,3,1.9,-0.1,-0.2,-0.1
V,"SigE+, SpoIIID-",spoIIIAF,BSU24380,0,-0.1,2.7,6.3,6,5.7,5,4.6,4.4,0,-0.1,0
V,"SigE+, SpoIIID-",spoIIIAG,BSU24370,0,0,3.1,6.4,5.8,5.7,4.9,4.8,4.4,0,-0.1,0
V,"SigE+, SpoIIID-",spoIIIAH,BSU24360,0,-0.1,3.7,7.4,7,6.6,5.8,5.7,5.5,0.2,-0.1,0
V,"SigE+, SpoIIID-",spoIVA,BSU22800,0,0.5,3.4,8.2,8.1,8.1,7.8,7.7,7.6,0.6,0.7,0.8
V,"SigE+, SpoIIID-",spoIVFA,BSU27980,0,-0.2,1.8,5.7,4.8,4.4,3.8,3.5,2.5,1.9,1.7,2
V,"SigE+, SpoIIID-",spoIVFB,BSU27970,0,-0.1,1.3,5.3,4.3,3.9,3.1,2.9,1.4,1.9,1.8,1.9
V,"SigE+, SpoIIID-",spoVB,BSU27670,0,0.1,1,4.6,3.5,3.3,2.3,2.2,1.5,0.2,0.7,0.7
V,"SigE+, SpoIIID-",spoVD,BSU15170,0,-0.2,1.6,5.8,5.1,4.8,4.3,4.2,3.3,1.4,1.3,1.7
V,"SigE+, SpoIIID-",spoVE,BSU15210,0,-1.7,-2.1,0.6,0.1,-0.5,-0.7,-0.9,-1.9,1.2,0.9,0.9
V,"SigE+, SpoIIID-",stoA,BSU13840,0,-0.4,0,4.2,3.7,3.8,4,3.7,4.3,1.2,1,1.7
V,"SigE+, SpoIIID-",yaaH,BSU00160,0,-0.1,1.8,7,7.1,7.2,6.8,6.8,6.7,0.4,0.6,0.9
V,"SigE+, SpoIIID-",yabP,BSU00600,0,-1.2,-1.1,1.9,1.6,1.2,0.5,0.5,0.1,0.3,0.2,0.4
V,"SigE+, SpoIIID-",yabQ,BSU00610,0,-1,-1,2.2,1.6,1.2,0.7,0.7,0,0.9,0.7,0.7
V,"SigE+, SpoIIID-",yabR,BSU00630,0,1,0.8,1.1,0.9,0.7,0,0.2,0.1,1.3,1,1.3
V,"SigE+, SpoIIID-",ycgF,BSU03090,0,0.8,0.6,3.1,1.9,1.7,0.6,0.1,-0.3,2.6,2.2,2.3
V,"SigE+, SpoIIID-",ycgG,BSU03100,0,1.1,0.7,3.6,2.5,4,5.1,4.7,4.6,2.7,2.3,2.5
V,"SigE+, SpoIIID-",ydbI,BSU04480,0,-0.3,-0.4,1.7,1.6,1.8,1.7,1.6,1.8,1.2,0.9,1.3
V,"SigE+, SpoIIID-",ydcC,BSU04630,0,-1,0.3,4.9,4.2,3.7,2.8,3,2.5,1.1,0.9,0.8
V,"SigE+, SpoIIID-",yflB,BSU07735,0,0.2,0.4,0,0.7,1,2,1.9,1.7,-0.3,-0.3,-0.1
V,"SigE+, SpoIIID-",yhaX,BSU09830,0,-0.2,0.1,5.4,5.5,5.2,4.8,4.6,4.3,0.2,0.2,-0.1
V,"SigE+, SpoIIID-",yhbH,BSU08980,0,0.6,1.7,7.2,6.8,6.8,7.2,7.1,7.1,1.3,1,1.2
V,"SigE+, SpoIIID-",yhfN,BSU10290,0,0,0.5,4.1,3.5,2.8,2.9,2.3,2,0.6,0.6,0.6
V,"SigE+, SpoIIID-",yhfO,BSU10310,0,-0.8,-1.3,-1.2,-2,-2.3,-2.2,-2.1,-1.6,-0.4,-0.2,-0.2
V,"SigE+, SpoIIID-",yitC,BSU10940,0,0,-0.1,0.4,0.4,5.7,6.8,6,5.8,0.1,0.2,0.2
V,"SigE+, SpoIIID-",yitD,BSU10950,0,-0.1,-0.2,0.3,0.3,5.3,6.6,5.9,5.8,0.1,0.1,0.2
V,"SigE+, SpoIIID-",yitE,BSU10960,0,0,0.9,4,3,3.1,2.3,2.8,2.7,0,0.1,-0.1
V,"SigE+, SpoIIID-",yjbE,BSU11510,0,-0.2,0.8,4.1,3.1,2.8,2.8,3.1,3.4,0.4,0.4,0.7
V,"SigE+, SpoIIID-",yjcA,BSU11790,0,0,0.1,4.9,5.1,5.1,4.7,4.8,5.1,0.1,0.2,0.5
V,"SigE+, SpoIIID-",yjmC,BSU12320,0,0.3,0.9,6,6.1,6.1,5.6,5.3,5.1,0.1,0.3,-0.1
V,"SigE+, SpoIIID-",yjmD,BSU12330,0,0.2,0.9,5.9,5.6,5.5,5.2,4.7,4.7,-0.2,0.4,-0.2
V,"SigE+, SpoIIID-",yjmF,BSU12350,0,0.2,0.6,5.3,4.7,4.3,4.1,3.4,2.7,-0.1,0.3,-0.1
V,"SigE+, SpoIIID-",ykvI,BSU13710,0,-0.4,0.6,3.7,2.8,2.5,1.7,1,0.4,0.1,0.2,0.1
V,"SigE+, SpoIIID-",ykvU,BSU13830,0,0,0.9,5,3.9,3.4,2.5,2.4,1.6,0.7,0.5,0.6
V,"SigE+, SpoIIID-",ylaK,BSU14810,0,-0.1,1.8,6.8,6.9,6.8,6.4,6.1,6.3,0.8,0.7,1
V,"SigE+, SpoIIID-",ylaM,BSU14830,0,-0.1,1.1,5.5,5.3,5.2,4.6,4.7,4.6,1.1,0.9,1
V,"SigE+, SpoIIID-",ylbJ,BSU15030,0,0.1,1,4.2,3.2,3.1,2.1,1.3,0.8,0.2,0.3,0.4
V,"SigE+, SpoIIID-",ylbK,BSU15040,0,0,-0.2,0.7,0.2,-0.1,-1.6,-1.8,-2.3,0.9,0.9,0.9
V,"SigE+, SpoIIID-",yloB,BSU15650,0,0.1,1.5,5.8,4.7,4.4,3.6,3.5,2.1,0.5,0.5,0.7
V,"SigE+, SpoIIID-",ylxY,BSU16700,0,-1.1,-1.1,1.3,0.4,0,-1.3,-1.3,-1.6,2,1.5,1.9
V,"SigE+, SpoIIID-",yngE,BSU18210,0,0,0.2,4.5,5.1,5.4,5.9,5.2,5.9,-0.2,-0.1,-0.1
V,"SigE+, SpoIIID-",yngF,BSU18220,0,0.1,0.3,4.8,5.4,5.8,6.3,5.7,6.1,-0.2,-0.2,-0.1
V,"SigE+, SpoIIID-",yngG,BSU18230,0,0.1,0.3,4.8,5.4,5.9,6.4,5.7,6.5,-0.2,-0.2,-0.2
V,"SigE+, SpoIIID-",yngH,BSU18240,0,0.2,0.3,5.1,5.7,6.1,6.6,6,6.7,-0.2,-0.2,-0.2
V,"SigE+, SpoIIID-",yngI,BSU18250,0,0,0.3,4.9,5.4,5.8,6.4,5.8,6.5,-0.2,-0.2,-0.2
V,"SigE+, SpoIIID-",yngJ,BSU18260,0,0.2,0.9,6.3,6.4,6.7,6.9,6.6,7,0.1,-0.2,-0.1
V,"SigE+, SpoIIID-",ypbG,BSU22980,0,0.7,-0.2,0.7,0.5,1.9,2.9,1.7,1.9,1.1,1.3,1.1
V,"SigE+, SpoIIID-",ypiA,BSU22590,0,0.5,0.5,2.3,2.4,2.3,1.8,1.6,1.8,0.7,0.7,0.7
V,"SigE+, SpoIIID-",ypjB,BSU22520,0,-0.9,-0.2,2,1.3,0.8,0.2,0.2,-0.5,0.1,-0.2,0
V,"SigE+, SpoIIID-",yqeW,BSU25420,0,0.1,0.6,2.9,1.7,1.6,1.4,0.7,0.7,-0.2,0.2,0.1
V,"SigE+, SpoIIID-",yqfC,BSU25360,0,-0.7,-0.2,4.3,4.6,4.4,3.4,3.6,3.1,1.5,1.3,0.9
V,"SigE+, SpoIIID-",yqfD,BSU25350,0,-0.7,0.1,4.3,3.8,3.9,3.1,3.3,3,1.5,1.2,1
V,"SigE+, SpoIIID-",yqfZ,BSU25060,0,1.1,1.8,4.1,3.1,2.9,0.6,1.2,0.4,1,1.2,1.5
V,"SigE+, SpoIIID-",yqiQ,BSU24120,0,0,0.5,5,5.7,6.3,6.1,5.7,5.7,0.7,0.7,0.6
V,"SigE+, SpoIIID-",yrbG,BSU27680,0,0,-0.1,2.1,4.7,5.3,4.9,5.3,5.3,1.3,1.1,1.6
V,"SigE+, SpoIIID-",yrzE,BSU27690,0,-0.1,2.4,6.9,6.4,5.8,5.1,4.8,4.1,0.2,0.3,0.5
V,"SigE+, SpoIIID-",ytrI,BSU29240,0,-0.2,0.7,4.4,3.5,2.9,2.7,1.9,2,0.1,0.2,0.4
V,"SigE+, SpoIIID-",ytvI,BSU29160,0,-0.2,1.2,4.6,3.9,3.6,2.9,2.7,2.1,0.6,0.1,0.3
V,"SigE+, SpoIIID-",ytxC,BSU28960,0,-1.1,-0.3,2.9,2.5,2.2,1.2,1.5,0.8,1.2,0.9,1.2
V,"SigE+, SpoIIID-",ywcA,BSU38240,0,-0.5,-0.2,3.8,4.4,4.6,4.7,4.3,4.2,-1,0,-0.9
V,"SigE+, SpoIIID-",ywcB,BSU38230,0,-0.1,0.2,4.2,4.6,4.9,4.7,4.4,4.1,0,0.3,-0.1
V,"SigE+, SpoIIID-",ywlB,BSU36960,0,-1.8,0,3.4,2.8,2.5,2.1,2.6,2.3,0.6,-0.1,0.3
V,"SigE+, SpoIIID-",yxjC,BSU39000,0,-0.3,-0.3,4,4.8,4.8,4.6,4.5,2.5,-0.2,0.4,0
V,"SigE+, SpoIIID-",yxjF,BSU38970,0,-0.5,-0.6,3.8,4.6,4.9,4.9,4.6,3.8,0.7,0.8,0.9
V,"SigE+, SpoIIID-",yyaD,BSU40940,0,0.1,0.1,2.4,1.3,1.3,0.4,0.3,0.2,1.3,1.2,1.4
W,"Spo0A+, SigE+",yisI,BSU10730,0,1.1,3.3,2.6,3,3.7,4.3,3.9,4.1,-0.6,-0.9,-0.6